﻿<?xml version="1.0" encoding="utf-8"?>
<Complemento xmlns:xsi="http://www.w3.org/2001/XMLSchema-instance" xmlns:xsd="http://www.w3.org/2001/XMLSchema">
  <Origen>AV 3 CALLE 7 ESQ   COL. CENTRO 94930  YANGA VER-Veracruz MÉXICO</Origen>
  <RecogerEn />
  <Destino />
  <Destinatario>LAMINA Y PLACA COMERCIAL, S.A. DE C.V.</Destinatario>
  <RfcDestinatario>LPC990316N43</RfcDestinatario>
  <DomicilioDestinatario>CALLE OCAMPO PTE. 250 PISO 6 A CENTRO  MONTERREY   NLE-Nuevo León C.P.64000 MÉXICO</DomicilioDestinatario>
  <EntregarEn />
  <UUID>00000000-0000-0000-0000-000000000000</UUID>
  <FechaTimbrado>1900-01-01T00:00:00</FechaTimbrado>
  <NoCertificadoSAT>000000000000000</NoCertificadoSAT>
  <SelloCFD>muestrafiscalsinvalormuestrafiscalsinvalormuestrafiscalsinvalormuestrafiscalsinvalormuestrafiscalsinvalormuestrafiscalsinvalor</SelloCFD>
  <SelloSAT>muestrafiscalsinvalormuestrafiscalsinvalormuestrafiscalsinvalormuestrafiscalsinvalormuestrafiscalsinvalormuestrafiscalsinvalor</SelloSAT>
  <CadenaTFD>muestrafiscalsinvalormuestrafiscalsinvalormuestrafiscalsinvalormuestrafiscalsinvalormuestrafiscalsinvalormuestrafiscalsinvalor
muestrafiscalsinvalormuestrafiscalsinvalormuestrafiscalsinvalormuestrafiscalsinvalormuestrafiscalsinvalormuestrafiscalsinvalor</CadenaTFD>
  <TipoComprobante>FACTURA</TipoComprobante>
  <Cadena>||3.3|FACT|2914|2022-01-27T11:45:23|01|00001000000508265420|0.00|MXN|0.00|I|PUE|94930|BAAC621205BK7|BARRIGA ANGUEBEN CRISPINA|612|LPC990316N43|LAMINA Y PLACA COMERCIAL, S.A. DE C.V.|G03|72101500|0|1.0000|E48|Unidad de servicio|MAQUINADO A MAZA BAGACERA MOLINO No. 2 FLECHA CP-727|0.000000|0.000000|0.000|002|Tasa|0.160000|0.000|002|Tasa|0.160000|0.00|0.00||</Cadena>
  <CantidadLetra>(CERO PESOS 00/100)</CantidadLetra>
  <Encabezado>prueba</Encabezado>
  <Observaciones />
  <ImpuestosAdicionales>PENDIENTE</ImpuestosAdicionales>
</Complemento>