﻿<?xml version="1.0" encoding="utf-8"?>
<Complemento xmlns:xsi="http://www.w3.org/2001/XMLSchema-instance" xmlns:xsd="http://www.w3.org/2001/XMLSchema">
  <Origen>NORTE 11   NO. 130 ENTRE PONIENTE 14 Y PONIENTE 16 UNIÓN OBRERA CAMPESINA 94350  ORIZABA VER-Veracruz MÉXICO</Origen>
  <RecogerEn />
  <Destino>01-Diario//</Destino>
  <Destinatario>SILICES DE VERACRUZ</Destinatario>
  <RfcDestinatario>SVE770906NS5</RfcDestinatario>
  <DomicilioDestinatario>Av. Alfonso Reyes norte  2239 15 de Mayo Monterrey Larralde NLE-Nuevo León C.P.64450 MÉXICO</DomicilioDestinatario>
  <EntregarEn />
  <UUID>00000000-0000-0000-0000-000000000000</UUID>
  <FechaTimbrado>1900-01-01T00:00:00</FechaTimbrado>
  <NoCertificadoSAT>000000000000000</NoCertificadoSAT>
  <SelloCFD>muestrafiscalsinvalormuestrafiscalsinvalormuestrafiscalsinvalormuestrafiscalsinvalormuestrafiscalsinvalormuestrafiscalsinvalor</SelloCFD>
  <SelloSAT>muestrafiscalsinvalormuestrafiscalsinvalormuestrafiscalsinvalormuestrafiscalsinvalormuestrafiscalsinvalormuestrafiscalsinvalor</SelloSAT>
  <CadenaTFD>muestrafiscalsinvalormuestrafiscalsinvalormuestrafiscalsinvalormuestrafiscalsinvalormuestrafiscalsinvalormuestrafiscalsinvalor
muestrafiscalsinvalormuestrafiscalsinvalormuestrafiscalsinvalormuestrafiscalsinvalormuestrafiscalsinvalormuestrafiscalsinvalor</CadenaTFD>
  <TipoComprobante>FACTURA</TipoComprobante>
  <Cadena>||4.0|IMC|471|2022-06-21T16:30:47|99|00001000000508069985|1528.86|MXN|1773.48|I|01|PPD|94740|IIC180815JYA|IMCOVER INGENIERIA Y CONSTRUCCION|601|SVE770906NS5|SILICES DE VERACRUZ|64450|601|G03|81101500|0|0.0500|E48|Unidad de servicio|Ingenieria 00010 Mejoras área de estacionamiento nuevo.|7827.120000|391.356000|02|391.356|002|Tasa|0.160000|62.617|81101500|0|0.0500|E48|Unidad de servicio|Ingenieria 00020 Suministro y colocación de boya metálica.|22750.000000|1137.500000|02|1137.500|002|Tasa|0.160000|182.000|1528.86|002|Tasa|0.160000|244.62|244.62||</Cadena>
  <CantidadLetra>(MIL SETECIENTOS SETENTA Y TRES PESOS 48/100)</CantidadLetra>
  <Encabezado>Proveedor 70117
Pedido 8000176048
Esta factura ampara el 5% del pedido.</Encabezado>
  <Observaciones />
  <ImpuestosAdicionales>PENDIENTE</ImpuestosAdicionales>
</Complemento>